,id,label,position
29,1DE,1DE,1
7,1EN,1EN,1
33,1DK,1DK,1
13,1KN,1KN,1
56,3IL,3IL,3
55,3IM,3IM,3
20,3LM,3LM,3
18,3LV,3LV,3
46,3MV,3MV,3
44,3IV,3IV,3
30,5DT,5DT,5
31,5HN,5HN,5
34,5HT,5HT,5
37,5DE,5DE,5
27,5PQ,5PQ,5
38,5DK,5DK,5
39,5DH,5DH,5
41,5DN,5DN,5
47,5KT,5KT,5
48,5KQ,5KQ,5
49,5KP,5KP,5
54,5QT,5QT,5
36,5HP,5HP,5
26,5PT,5PT,5
0,5EN,5EN,5
28,5DP,5DP,5
9,5AN,5AN,5
10,5ET,5ET,5
11,5EQ,5EQ,5
12,5AD,5AD,5
5,5HQ,5HQ,5
14,5NQ,5NQ,5
8,5DQ,5DQ,5
15,5NT,5NT,5
3,5AQ,5AQ,5
17,5AE,5AE,5
19,5EP,5EP,5
2,5EK,5EK,5
1,5EH,5EH,5
4,5AP,5AP,5
6,5AT,5AT,5
52,6FV,6FV,6
45,6FI,6FI,6
40,7KR,7KR,7
42,7KT,7KT,7
21,7RT,7RT,7
51,9IL,9IL,9
22,9IV,9IV,9
43,9LV,9LV,9
24,10AK,10AK,10
35,10ET,10ET,10
32,10EK,10EK,10
16,10AT,10AT,10
23,10KT,10KT,10
25,10AE,10AE,10
50,26AS,26AS,26
53,30FL,30FL,30
